{
  "num_samples": 150,
  "loss_type": "mse",
  "loss": 3561.7882080078125,
  "score_mean": 0.3169916868209839,
  "score_std": 0.5842071175575256,
  "score_min": 0.07077264040708542,
  "score_max": 2.7483620643615723,
  "target_mean": 33.536624908447266,
  "target_std": 46.015167236328125,
  "mae": 33.6105842590332,
  "rmse": 56.80005645751953,
  "r2": -0.5236861705780029,
  "pearson": -0.09235902005433214,
  "pearson_p": 0.2609688333669616,
  "scores": [
    1.813334584236145,
    0.09128408133983612,
    0.8394312262535095,
    0.10039522498846054,
    0.09748072922229767,
    0.09381122887134552,
    0.08274517953395844,
    0.34766536951065063,
    0.07741361856460571,
    0.08285652101039886,
    1.9892092943191528,
    0.09269088506698608,
    0.07573411613702774,
    0.09572286158800125,
    0.08648185431957245,
    0.12232846021652222,
    0.08661317080259323,
    0.0933905839920044,
    0.08386942744255066,
    0.08655142039060593,
    2.086381435394287,
    0.09147760272026062,
    0.0782666951417923,
    0.10148870944976807,
    0.09622953832149506,
    0.1087988018989563,
    0.08375934511423111,
    0.13612931966781616,
    0.08023358136415482,
    0.08864276856184006,
    2.145646095275879,
    0.5014718770980835,
    0.07796235382556915,
    0.10255664587020874,
    0.07972541451454163,
    0.10278322547674179,
    0.0949672982096672,
    0.08810807019472122,
    0.08668725192546844,
    0.07933203876018524,
    0.08079927414655685,
    0.6016941070556641,
    0.10797333717346191,
    0.07749313861131668,
    0.0752827376127243,
    0.09451299905776978,
    0.09951342642307281,
    0.08614008128643036,
    0.6413641571998596,
    0.08182676881551743,
    0.08309018611907959,
    1.8447121381759644,
    0.0820925235748291,
    0.376899391412735,
    0.07541314512491226,
    0.07678335160017014,
    0.10342741757631302,
    0.08385667949914932,
    0.14431694149971008,
    0.08373614400625229,
    0.07575178891420364,
    2.5963830947875977,
    0.08625543117523193,
    0.7384458780288696,
    0.07307880371809006,
    0.09980127960443497,
    0.11006776243448257,
    0.07848712801933289,
    0.7003072500228882,
    0.08087115734815598,
    0.08248337358236313,
    2.4378323554992676,
    0.08380969613790512,
    0.07519391179084778,
    0.07077263295650482,
    0.07576781511306763,
    0.12345489859580994,
    0.08360013365745544,
    1.8366918563842773,
    0.08160118758678436,
    0.08148626983165741,
    0.6938756704330444,
    0.09708359837532043,
    0.5907749533653259,
    0.07230212539434433,
    0.09648681432008743,
    0.08799988776445389,
    0.08018547296524048,
    0.13359001278877258,
    0.0762978047132492,
    0.07923994958400726,
    1.3931139707565308,
    0.11077959090471268,
    0.08667972683906555,
    0.07863745093345642,
    0.07854297757148743,
    0.11103392392396927,
    0.07659900188446045,
    0.1199832633137703,
    0.0780804306268692,
    1.0182067155838013,
    0.09546750038862228,
    0.0977417454123497,
    0.0776839405298233,
    0.09593362361192703,
    0.08679044991731644,
    0.07991859316825867,
    2.7483620643615723,
    0.07659253478050232,
    0.08510226011276245,
    0.8013005256652832,
    0.10886958241462708,
    0.0829620212316513,
    1.072055697441101,
    0.07971525192260742,
    0.11511853337287903,
    0.08155007660388947,
    1.5004302263259888,
    0.0763741210103035,
    0.09305793046951294,
    2.6606197357177734,
    0.08538155257701874,
    0.08742184937000275,
    0.09958626329898834,
    0.0807936042547226,
    0.08202763646841049,
    0.07720384746789932,
    0.10671810060739517,
    0.0797024816274643,
    0.08579971641302109,
    1.962881088256836,
    0.08491133153438568,
    0.10195773839950562,
    0.07477022707462311,
    0.0758085772395134,
    0.1075807735323906,
    0.07699238508939743,
    0.1610279083251953,
    0.07707034796476364,
    0.08979307115077972,
    0.44123542308807373,
    0.09987810254096985,
    0.10521873831748962,
    0.07487060874700546,
    0.09136664867401123,
    0.1257927417755127,
    0.08622042834758759,
    0.1209137812256813,
    0.12539389729499817,
    0.08256364613771439
  ],
  "targets": [
    0.08299999684095383,
    0.28999999165534973,
    0.2800000011920929,
    0.44999998807907104,
    0.0689999982714653,
    0.05000000074505806,
    0.08500000089406967,
    0.06599999964237213,
    100.0,
    0.5199999809265137,
    0.17000000178813934,
    0.28999999165534973,
    0.5099999904632568,
    100.0,
    0.10999999940395355,
    0.06599999964237213,
    0.10999999940395355,
    0.20000000298023224,
    100.0,
    0.5,
    0.009999999776482582,
    0.0430000014603138,
    0.03700000047683716,
    4.099999904632568,
    0.0044999998062849045,
    0.000750000006519258,
    0.00013000000035390258,
    0.00559999980032444,
    100.0,
    0.00800000037997961,
    0.06400000303983688,
    0.2800000011920929,
    5.699999809265137,
    43.0,
    0.061000000685453415,
    0.020999999716877937,
    0.020999999716877937,
    0.035999998450279236,
    0.00559999980032444,
    20.0,
    100.0,
    100.0,
    100.0,
    100.0,
    100.0,
    100.0,
    100.0,
    0.5099999904632568,
    7.900000095367432,
    100.0,
    100.0,
    100.0,
    100.0,
    100.0,
    100.0,
    28.0,
    100.0,
    0.09399999678134918,
    0.550000011920929,
    100.0,
    100.0,
    0.014000000432133675,
    0.0949999988079071,
    0.019999999552965164,
    0.010999999940395355,
    0.0066999997943639755,
    0.004000000189989805,
    0.0003000000142492354,
    0.00839999970048666,
    100.0,
    100.0,
    0.026000000536441803,
    0.0860000029206276,
    0.02199999988079071,
    0.013000000268220901,
    0.00800000037997961,
    0.003700000001117587,
    0.0003000000142492354,
    0.004000000189989805,
    100.0,
    100.0,
    100.0,
    100.0,
    1.2000000476837158,
    100.0,
    0.012000000104308128,
    0.0031999999191612005,
    0.0031999999191612005,
    0.00800000037997961,
    100.0,
    100.0,
    0.01600000075995922,
    12.0,
    0.004900000058114529,
    0.0019000000320374966,
    0.0017000000225380063,
    0.11999999731779099,
    0.0031999999191612005,
    100.0,
    0.10000000149011612,
    0.014000000432133675,
    100.0,
    0.0003000000142492354,
    0.0006600000197067857,
    0.0012000000569969416,
    0.550000011920929,
    0.0009250000002793968,
    100.0,
    20.0,
    100.0,
    0.03500000014901161,
    0.2800000011920929,
    0.027000000700354576,
    0.019999999552965164,
    0.028999999165534973,
    0.04500000178813934,
    0.014999999664723873,
    100.0,
    0.07900000363588333,
    100.0,
    0.0430000014603138,
    29.0,
    0.08299999684095383,
    0.03999999910593033,
    0.25,
    0.08799999952316284,
    0.04100000113248825,
    100.0,
    0.6600000262260437,
    100.0,
    0.0031999999191612005,
    10.0,
    0.007799999788403511,
    0.003599999938160181,
    0.0005099999834783375,
    0.0031999999191612005,
    0.0031999999191612005,
    100.0,
    0.0729999989271164,
    100.0,
    100.0,
    100.0,
    100.0,
    100.0,
    100.0,
    41.0,
    100.0,
    100.0,
    100.0,
    100.0
  ]
}