{
  "num_samples": 372,
  "loss_type": "mse",
  "mae": 1.5991528034210205,
  "rmse": 1.6740992069244385,
  "r2": -2.8080379962921143,
  "pearson_correlation": 0.054346591530914395,
  "pearson_p_value": 0.2958176954670341,
  "scores": [
    1.931523084640503,
    1.9112814664840698,
    1.9114902019500732,
    1.9082486629486084,
    1.9099516868591309,
    1.9114062786102295,
    1.9099913835525513,
    1.9115912914276123,
    1.911496877670288,
    1.9082614183425903,
    1.9114124774932861,
    1.9115409851074219,
    2.0083608627319336,
    1.9114301204681396,
    1.911510705947876,
    1.9099516868591309,
    1.9081768989562988,
    1.9114465713500977,
    2.0076825618743896,
    1.910166621208191,
    1.9114538431167603,
    1.910088300704956,
    1.9316543340682983,
    2.0075807571411133,
    1.93130362033844,
    1.9100958108901978,
    1.9316582679748535,
    2.0082509517669678,
    1.9113980531692505,
    2.008455276489258,
    1.9114913940429688,
    1.9100582599639893,
    1.9313244819641113,
    1.9115065336227417,
    1.9101022481918335,
    1.9317049980163574,
    2.0080668926239014,
    1.911509394645691,
    2.0073373317718506,
    1.9101030826568604,
    1.9099793434143066,
    2.0074286460876465,
    1.9115791320800781,
    1.909958839416504,
    2.0074565410614014,
    2.007570505142212,
    1.9116023778915405,
    1.9115527868270874,
    1.9101250171661377,
    1.9116010665893555,
    1.9316062927246094,
    1.911508321762085,
    2.0078630447387695,
    1.9316211938858032,
    1.9316082000732422,
    1.9313817024230957,
    2.007654905319214,
    1.9316041469573975,
    1.9316142797470093,
    1.9316656589508057,
    2.008175849914551,
    2.008138418197632,
    1.907798409461975,
    1.8890193700790405,
    1.8890248537063599,
    1.8890058994293213,
    1.8890423774719238,
    1.8890239000320435,
    1.889049768447876,
    1.8891812562942505,
    1.8891322612762451,
    1.8890175819396973,
    1.8890833854675293,
    1.8890790939331055,
    1.947789192199707,
    1.8890799283981323,
    1.8891246318817139,
    1.88906991481781,
    1.8890416622161865,
    1.8891358375549316,
    1.9476828575134277,
    1.8891258239746094,
    1.889136791229248,
    1.8891741037368774,
    1.9078891277313232,
    1.9476960897445679,
    1.9076638221740723,
    1.889173984527588,
    1.907855749130249,
    1.9477428197860718,
    1.889098882675171,
    1.9478323459625244,
    1.8891525268554688,
    1.8891243934631348,
    1.907724380493164,
    1.8891468048095703,
    1.8891239166259766,
    1.9079008102416992,
    1.947624683380127,
    1.889162540435791,
    1.9475544691085815,
    1.8891351222991943,
    1.8890711069107056,
    1.9475188255310059,
    1.8891643285751343,
    1.8889784812927246,
    1.9474304914474487,
    1.947678565979004,
    1.8891215324401855,
    1.889092206954956,
    1.8891209363937378,
    1.889139175415039,
    1.9078805446624756,
    1.8891305923461914,
    1.9474468231201172,
    1.907875418663025,
    1.9078367948532104,
    1.9077578783035278,
    1.9477083683013916,
    1.9078500270843506,
    1.9078874588012695,
    1.9079062938690186,
    1.9478453397750854,
    1.947636604309082,
    1.9316898584365845,
    1.911870002746582,
    1.9120787382125854,
    1.9087293148040771,
    1.9105331897735596,
    1.9119532108306885,
    1.910582423210144,
    1.9121816158294678,
    1.912068247795105,
    1.9087457656860352,
    1.9120033979415894,
    1.9121310710906982,
    2.0083484649658203,
    1.9120091199874878,
    1.9088724851608276,
    1.9105135202407837,
    1.9086706638336182,
    1.9120287895202637,
    2.0076699256896973,
    1.9121580123901367,
    1.912068486213684,
    1.9106667041778564,
    1.9318439960479736,
    2.007580041885376,
    1.931403398513794,
    1.9106918573379517,
    1.9318437576293945,
    2.0082461833953857,
    1.9119889736175537,
    2.0084497928619385,
    1.9120688438415527,
    1.910611867904663,
    1.9314900636672974,
    1.9120876789093018,
    1.9106805324554443,
    1.9318760633468628,
    2.0080726146698,
    1.9120805263519287,
    2.0073184967041016,
    1.9107255935668945,
    1.910555124282837,
    2.0074288845062256,
    1.9121650457382202,
    1.9106088876724243,
    2.007453203201294,
    2.0075626373291016,
    1.9121534824371338,
    1.9121603965759277,
    1.910718560218811,
    1.9122061729431152,
    1.931854009628296,
    1.9120838642120361,
    2.0078465938568115,
    1.9318227767944336,
    1.9318478107452393,
    1.931441068649292,
    2.007645845413208,
    1.9318134784698486,
    1.931821584701538,
    1.9318556785583496,
    2.0081748962402344,
    2.0081334114074707,
    1.907947301864624,
    1.8895752429962158,
    1.8895916938781738,
    1.8895633220672607,
    1.889593243598938,
    1.889587640762329,
    1.8896154165267944,
    1.889746069908142,
    1.8896842002868652,
    1.8895785808563232,
    1.8896491527557373,
    1.8896458148956299,
    1.947906494140625,
    1.8896507024765015,
    1.8896896839141846,
    1.889643669128418,
    1.889591097831726,
    1.8896963596343994,
    1.9477418661117554,
    1.8897091150283813,
    1.8897161483764648,
    1.8897426128387451,
    1.9080376625061035,
    1.9477770328521729,
    1.9077448844909668,
    1.889737606048584,
    1.9080064296722412,
    1.9478633403778076,
    1.8896894454956055,
    1.947953701019287,
    1.8897340297698975,
    1.8896961212158203,
    1.907870888710022,
    1.8897128105163574,
    1.8897006511688232,
    1.9080538749694824,
    1.9477503299713135,
    1.8897534608840942,
    1.9476277828216553,
    1.8897117376327515,
    1.8896564245224,
    1.947601556777954,
    1.8897523880004883,
    1.8895628452301025,
    1.9475250244140625,
    1.9478092193603516,
    1.8897067308425903,
    1.8896853923797607,
    1.8896980285644531,
    1.8897231817245483,
    1.9080603122711182,
    1.8896979093551636,
    1.9475212097167969,
    1.9080309867858887,
    1.9080085754394531,
    1.9078341722488403,
    1.9477769136428833,
    1.9080201387405396,
    1.9080265760421753,
    1.9080545902252197,
    1.9479860067367554,
    1.947784662246704,
    1.9366708993911743,
    1.9360177516937256,
    1.9363622665405273,
    1.9364511966705322,
    1.9354631900787354,
    1.9360888004302979,
    1.9356215000152588,
    1.9365564584732056,
    1.9362760782241821,
    1.9363057613372803,
    1.9361212253570557,
    1.936403751373291,
    2.008329153060913,
    1.936215877532959,
    1.9361279010772705,
    1.9355292320251465,
    1.9359886646270752,
    1.9361083507537842,
    2.0076253414154053,
    1.9359434843063354,
    1.9360415935516357,
    1.9356344938278198,
    1.9369094371795654,
    2.0075676441192627,
    1.9365289211273193,
    1.9357492923736572,
    1.9370646476745605,
    2.0082218647003174,
    1.9356781244277954,
    2.008436679840088,
    1.9359077215194702,
    1.9352830648422241,
    1.9365580081939697,
    1.9360532760620117,
    1.9351614713668823,
    1.9367823600769043,
    2.0080511569976807,
    1.9361246824264526,
    2.0073037147521973,
    1.934993863105774,
    1.9354305267333984,
    2.007398843765259,
    1.9358088970184326,
    1.9354408979415894,
    2.00742244720459,
    2.007532835006714,
    1.935906171798706,
    1.9365195035934448,
    1.9353501796722412,
    1.936020851135254,
    1.936826467514038,
    1.9361443519592285,
    2.0078253746032715,
    1.936866283416748,
    1.9369274377822876,
    1.9364533424377441,
    2.0075623989105225,
    1.9367175102233887,
    1.9368902444839478,
    1.9369226694107056,
    2.008152723312378,
    2.0081050395965576,
    1.9302533864974976,
    1.957208514213562,
    1.9573040008544922,
    1.9576148986816406,
    1.9571399688720703,
    1.9572701454162598,
    1.9573534727096558,
    1.9575244188308716,
    1.9572651386260986,
    1.9573771953582764,
    1.957376480102539,
    1.9573447704315186,
    1.9495437145233154,
    1.9574379920959473,
    1.9572951793670654,
    1.9529229402542114,
