{
  "num_samples": 372,
  "loss_type": "mse",
  "loss": 0.3942284929410865,
  "score_mean": 0.5488637089729309,
  "score_std": 0.71749347448349,
  "score_min": 0.04758928716182709,
  "score_max": 2.8890440464019775,
  "target_mean": 0.4931989312171936,
  "target_std": 0.8578879833221436,
  "mae": 0.3644142150878906,
  "rmse": 0.6361048221588135,
  "r2": 0.4502107501029968,
  "pearson": 0.6898438630107283,
  "pearson_p": 7.438847752481073e-54,
  "scores": [
    0.3235470652580261,
    0.552003026008606,
    0.9866827726364136,
    1.0054857730865479,
    0.981884241104126,
    0.9858018159866333,
    0.5485801696777344,
    0.9865328073501587,
    0.986427903175354,
    1.0058587789535522,
    0.9859603643417358,
    0.9866838455200195,
    0.46404996514320374,
    0.9860926866531372,
    0.5516049861907959,
    0.5479828119277954,
    0.6624720096588135,
    0.5541750192642212,
    0.4639502465724945,
    0.08868082612752914,
    0.5520104169845581,
    0.54572993516922,
    0.3194597363471985,
    0.46094655990600586,
    0.06600082665681839,
    0.0886768028140068,
    0.3208325207233429,
    0.464236855506897,
    0.09385025501251221,
    0.46421459317207336,
    0.09577770531177521,
    0.0870334655046463,
    0.05506086349487305,
    0.09581931680440903,
    0.08796189725399017,
    0.34855926036834717,
    0.21145150065422058,
    0.5490981340408325,
    0.39972537755966187,
    0.08686350286006927,
    0.5457607507705688,
    0.04943019151687622,
    0.09374208748340607,
    0.5472131967544556,
    0.2692806124687195,
    0.33397793769836426,
    0.09286952018737793,
    0.9865696430206299,
    0.0637882798910141,
    0.09581728279590607,
    0.3194689452648163,
    0.09581831842660904,
    0.46422079205513,
    0.3194812536239624,
    0.32076239585876465,
    0.0557890459895134,
    0.46084293723106384,
    0.32080358266830444,
    0.32121339440345764,
    0.3194596767425537,
    0.46423593163490295,
    0.46423307061195374,
    0.0909108817577362,
    0.12392009049654007,
    0.5519670248031616,
    0.5528496503829956,
    0.545921802520752,
    0.6123349666595459,
    0.12424583733081818,
    0.5521076917648315,
    0.5521854162216187,
    0.5550824403762817,
    0.5548558235168457,
    0.5519677400588989,
    0.7903697490692139,
    0.605371356010437,
    0.12383556365966797,
    0.130357563495636,
    0.12388163805007935,
    0.12461820989847183,
    0.8205937147140503,
    0.062292665243148804,
    0.12386973947286606,
    0.13194739818572998,
    0.09182073175907135,
    0.08006705343723297,
    0.04797562211751938,
    0.06230819225311279,
    0.09088239073753357,
    0.08194176107645035,
    0.060275182127952576,
    0.7905763387680054,
    0.06199927628040314,
    0.060549527406692505,
    0.04768746346235275,
    0.06219124048948288,
    0.06111850589513779,
    0.12494032829999924,
    0.058224864304065704,
    0.13077744841575623,
    0.05705174803733826,
    0.06136689335107803,
    0.1320369839668274,
    0.05678373575210571,
    0.059200137853622437,
    0.12425865232944489,
    0.05733940005302429,
    0.05977937579154968,
    0.061747536063194275,
    0.5518686771392822,
    0.06204111874103546,
    0.06230810284614563,
    0.0909230038523674,
    0.06245993822813034,
    0.08183629810810089,
    0.09071084856987,
    0.09071646630764008,
    0.04758928716182709,
    0.08005228638648987,
    0.0908849909901619,
    0.09071490913629532,
    0.09182073175907135,
    0.08186787366867065,
    0.08180636912584305,
    0.32730603218078613,
    0.5675151944160461,
    0.9958829879760742,
    1.0127109289169312,
    0.9911370277404785,
    0.9949995279312134,
    0.5640870332717896,
    0.9957263469696045,
    0.9956250190734863,
    1.0130757093429565,
    0.9951595067977905,
    0.9958841800689697,
    0.4641006290912628,
    0.995288610458374,
    0.6754864454269409,
    0.5634880661964417,
    0.675369143486023,
    0.5696734189987183,
    0.46400129795074463,
    0.09689038246870041,
    0.5675191879272461,
    0.5612534284591675,
    0.3232317566871643,
    0.4609956443309784,
    0.06608280539512634,
    0.08970668911933899,
    0.32460352778434753,
    0.4642879068851471,
    0.09489358961582184,
    0.4642651379108429,
    0.09685061872005463,
    0.0880543440580368,
    0.054514333605766296,
    0.09688916802406311,
    0.0889669880270958,
    0.3528372049331665,
    0.21066153049468994,
    0.5646008253097534,
    0.39881807565689087,
    0.08788062632083893,
    0.5612837076187134,
    0.04941428452730179,
    0.09480063617229462,
    0.5627275109291077,
    0.2684840261936188,
    0.33300429582595825,
    0.0940094068646431,
    0.9957747459411621,
    0.06441905349493027,
    0.09688718616962433,
    0.3232375383377075,
    0.09688816964626312,
    0.46427181363105774,
    0.3232493996620178,
    0.32453370094299316,
    0.05586135387420654,
    0.4608921706676483,
    0.3245747685432434,
    0.3249807357788086,
    0.32323157787323,
    0.4642868936061859,
    0.4642839729785919,
    0.0907706469297409,
    0.12616774439811707,
    0.566912055015564,
    0.5677843689918518,
    0.5608857870101929,
    0.6273506879806519,
    0.12650369107723236,
    0.5670120716094971,
    0.5667941570281982,
    0.569918155670166,
    0.5708212852478027,
    0.566912829875946,
    0.7982590198516846,
    0.6202660799026489,
    0.1261032521724701,
    0.13292188942432404,
    0.12616810202598572,
    0.1268366128206253,
    0.8278788328170776,
    0.06377911567687988,
    0.1261342614889145,
    0.13467969000339508,
    0.0916789248585701,
    0.08076326549053192,
    0.048099860548973083,
    0.06379497051239014,
    0.09074600785970688,
    0.08270590007305145,
    0.06152310222387314,
    0.7984644174575806,
    0.06362048536539078,
    0.06198170781135559,
    0.047776661813259125,
    0.06378810107707977,
    0.06337358057498932,
    0.12547162175178528,
    0.05863305926322937,
    0.13334986567497253,
    0.05747845768928528,
    0.06275627017021179,
    0.13476751744747162,
    0.05718667060136795,
    0.06143657863140106,
    0.12648352980613708,
    0.05775350332260132,
    0.06018342077732086,
    0.06330721825361252,
    0.5665347576141357,
    0.06360791623592377,
    0.06379443407058716,
    0.09078387916088104,
    0.06381586194038391,
    0.08260055631399155,
    0.0905827134847641,
    0.09057500958442688,
    0.047720760107040405,
    0.08074883371591568,
    0.09074652194976807,
    0.09057104587554932,
    0.09167894721031189,
    0.08263001590967178,
    0.0825633853673935,
    0.9509049654006958,
    2.5013957023620605,
    2.888270378112793,
    2.886901378631592,
    2.8881585597991943,
    2.8888955116271973,
    2.501563549041748,
    2.8880279064178467,
    2.887979030609131,
    2.8882365226745605,
    2.8877499103546143,
    2.8882699012756348,
    0.4646354615688324,
    2.8890438079833984,
    2.500976085662842,
    2.5012123584747314,
    2.5009360313415527,
    2.5024256706237793,
    0.46453651785850525,
    0.06057162582874298,
    2.501102924346924,
    2.5008270740509033,
    0.9533213376998901,
    0.4615277945995331,
    0.1919833868741989,
    0.06657765805721283,
    0.9552735090255737,
    0.4648265540599823,
    0.07463076710700989,
    0.4647987186908722,
    0.05765272676944733,
    0.05763059854507446,
    0.1902889907360077,
    0.060566484928131104,
    0.05822756886482239,
    1.0012903213500977,
    0.2008959949016571,
    2.4987595081329346,
    0.3892524242401123,
    0.07783031463623047,
    2.500582456588745,
    0.049194417893886566,
    0.05788761377334595,
    2.5013580322265625,
    0.26003795862197876,
    0.3207353949546814,
    0.05990082770586014,
    2.888267993927002,
    0.05284888297319412,
    0.060571104288101196,
    0.9562691450119019,
    0.06056775152683258,
    0.46481040120124817,
    0.9532606601715088,
    0.9555178880691528,
    0.07970349490642548,
    0.46142375469207764,
    0.955406665802002,
    0.9553273916244507,
    0.9533213376998901,
