{
  "num_samples": 372,
  "loss_type": "mse",
  "loss": 0.4084861433560339,
  "score_mean": 0.4219962954521179,
  "score_std": 0.465323805809021,
  "score_min": 0.12026472389698029,
  "score_max": 2.150343656539917,
  "target_mean": 0.4931989312171936,
  "target_std": 0.8578879833221436,
  "mae": 0.37085285782814026,
  "rmse": 0.6473766565322876,
  "r2": 0.4305535554885864,
  "pearson": 0.6744452754478556,
  "pearson_p": 1.0933991278025143e-50,
  "scores": [
    0.16993409395217896,
    0.30369967222213745,
    1.0243762731552124,
    1.0273358821868896,
    1.0229990482330322,
    1.026238203048706,
    0.3653438985347748,
    1.0242260694503784,
    1.0242496728897095,
    1.0275530815124512,
    1.0224413871765137,
    1.0243762731552124,
    0.521709680557251,
    1.0267739295959473,
    0.30200397968292236,
    0.3646959662437439,
    0.38876044750213623,
    0.30415016412734985,
    0.5217044949531555,
    0.21913544833660126,
    0.3020467162132263,
    0.36313027143478394,
    0.1700758934020996,
    0.5245412588119507,
    0.15291905403137207,
    0.21903857588768005,
    0.16984766721725464,
    0.5217227935791016,
    0.14371047914028168,
    0.5219765305519104,
    0.16210220754146576,
    0.21421083807945251,
    0.1508180797100067,
    0.14404280483722687,
    0.21403846144676208,
    0.21896040439605713,
    0.12031563371419907,
    0.29812031984329224,
    0.1270393282175064,
    0.21477220952510834,
    0.363641619682312,
    0.1222093254327774,
    0.1463346928358078,
    0.3652880787849426,
    0.1272076666355133,
    0.12493153661489487,
    0.16135740280151367,
    1.0243704319000244,
    0.13857455551624298,
    0.14405100047588348,
    0.16981074213981628,
    0.14403629302978516,
    0.5217164158821106,
    0.1700786054134369,
    0.16975289583206177,
    0.15893733501434326,
    0.5243175029754639,
    0.16965186595916748,
    0.16977545619010925,
    0.1700758934020996,
    0.5217210650444031,
    0.5217211842536926,
    0.16411055624485016,
    0.17666906118392944,
    0.796960711479187,
    0.799054741859436,
    0.8005292415618896,
    0.8019353747367859,
    0.17961230874061584,
    0.7971731424331665,
    0.7953035831451416,
    0.7993708848953247,
    0.7981531620025635,
    0.7969607710838318,
    0.15283000469207764,
    0.7996345162391663,
    0.1757422685623169,
    0.155374675989151,
    0.17430360615253448,
    0.17816326022148132,
    0.16033679246902466,
    0.137423574924469,
    0.17613160610198975,
    0.1552557349205017,
    0.1641206443309784,
    0.14017106592655182,
    0.12977328896522522,
    0.13749928772449493,
    0.16557148098945618,
    0.1383550763130188,
    0.1436881721019745,
    0.15291240811347961,
    0.1374720335006714,
    0.15090090036392212,
    0.1287820190191269,
    0.13746534287929535,
    0.13795845210552216,
    0.16373682022094727,
    0.13370375335216522,
    0.15464353561401367,
    0.1293368637561798,
    0.13698789477348328,
    0.15531980991363525,
    0.13115423917770386,
    0.137221097946167,
    0.17750394344329834,
    0.13087794184684753,
    0.12954391539096832,
    0.1371333748102188,
    0.7987498044967651,
    0.13697630167007446,
    0.13762380182743073,
    0.16550080478191376,
    0.13763673603534698,
    0.13818295300006866,
    0.16413447260856628,
    0.16387692093849182,
    0.1301169991493225,
    0.1401727944612503,
    0.1655457317829132,
    0.16389092803001404,
    0.1641206443309784,
    0.13835987448692322,
    0.13827449083328247,
    0.17422839999198914,
    0.31350284814834595,
    1.0359760522842407,
    1.0469119548797607,
    1.0346920490264893,
    1.0378013849258423,
    0.3757133185863495,
    1.0358176231384277,
    1.0358493328094482,
    1.047117829322815,
    1.0340347290039062,
    1.0359759330749512,
    0.5217156410217285,
    1.0383296012878418,
    0.4052056074142456,
    0.37517762184143066,
    0.40547019243240356,
    0.31395423412323,
    0.5217103958129883,
    0.14454719424247742,
    0.31174254417419434,
    0.3735092878341675,
    0.1744663417339325,
    0.5245639085769653,
    0.1554173082113266,
    0.22537609934806824,
    0.1740744709968567,
    0.5217306613922119,
    0.14419829845428467,
    0.5219823718070984,
    0.16345439851284027,
    0.22019165754318237,
    0.15288425981998444,
    0.14454609155654907,
    0.22032517194747925,
    0.23001492023468018,
    0.12031537294387817,
    0.3079470992088318,
    0.12703830003738403,
    0.22118881344795227,
    0.37397584319114685,
    0.12220950424671173,
    0.14709514379501343,
    0.37565895915031433,
    0.12720665335655212,
    0.1249304860830307,
    0.16435204446315765,
    1.0359776020050049,
    0.13800355792045593,
    0.14455196261405945,
    0.1740112602710724,
    0.14453834295272827,
    0.521724283695221,
    0.17447051405906677,
    0.1739094853401184,
    0.1614501178264618,
    0.5243401527404785,
    0.17372965812683105,
    0.17393876612186432,
    0.17446640133857727,
    0.5217288732528687,
    0.521729052066803,
    0.16537566483020782,
    0.19553440809249878,
    0.8242626190185547,
    0.8263333439826965,
    0.8278853297233582,
    0.8292800784111023,
    0.1984478235244751,
    0.8244640231132507,
    0.8227748870849609,
    0.8266491889953613,
    0.8262292146682739,
    0.8242626190185547,
    0.1535075157880783,
    0.8270345330238342,
    0.19467942416667938,
    0.16003809869289398,
    0.1931944638490677,
    0.19710418581962585,
    0.16105404496192932,
    0.14050066471099854,
    0.1950804740190506,
    0.15990778803825378,
    0.16538524627685547,
    0.1403070092201233,
    0.13009163737297058,
    0.1405664086341858,
    0.1668318212032318,
    0.1385120302438736,
    0.148826003074646,
    0.15360072255134583,
    0.1406785100698471,
    0.15946292877197266,
    0.12910011410713196,
    0.1405453085899353,
    0.14034481346607208,
    0.16498151421546936,
    0.13394446671009064,
    0.15925350785255432,
    0.12960413098335266,
    0.14015936851501465,
    0.15996380150318146,
    0.1313956081867218,
    0.13974875211715698,
    0.19644561409950256,
    0.13113683462142944,
    0.1298021674156189,
    0.1403409093618393,
    0.8261978626251221,
    0.14072905480861664,
    0.14066722989082336,
    0.16676203906536102,
    0.14065979421138763,
    0.13833174109458923,
    0.1653992235660553,
    0.16514062881469727,
    0.13063788414001465,
    0.14030849933624268,
    0.16678951680660248,
    0.1651386320590973,
    0.16538527607917786,
    0.1385166347026825,
    0.1384221911430359,
    0.13306212425231934,
    1.1484407186508179,
    2.1494014263153076,
    2.1422317028045654,
    2.1466569900512695,
    2.1501009464263916,
    1.1463974714279175,
    2.149397611618042,
    2.1494123935699463,
    2.14949631690979,
    2.149014472961426,
    2.1494016647338867,
    0.5218652486801147,
    2.150343894958496,
    1.1487369537353516,
    1.1451665163040161,
    1.1502881050109863,
    1.1473056077957153,
    0.5218630433082581,
    0.13002747297286987,
    1.1450477838516235,
    1.149055004119873,
    0.133164182305336,
    0.5251703262329102,
    0.1298893541097641,
    0.13000530004501343,
    0.13305452466011047,
    0.521891713142395,
    0.13395626842975616,
    0.5221279263496399,
    0.12971585988998413,
    0.1298350691795349,
    0.12898176908493042,
    0.13001680374145508,
    0.13126763701438904,
    0.1396295726299286,
    0.12026473134756088,
    1.154905915260315,
    0.1269644945859909,
    0.1339195966720581,
    1.1478427648544312,
    0.12221138924360275,
    0.12560094892978668,
    1.147088646888733,
    0.12742692232131958,
    0.12487856298685074,
    0.13406261801719666,
    2.149411201477051,
    0.12392853945493698,
    0.13001637160778046,
    0.13304829597473145,
    0.1300116628408432,
    0.5218852162361145,
    0.1331648975610733,
    0.13301795721054077,
    0.1264496147632599,
    0.524942934513092,
    0.13297657668590546,
    0.1330469250679016,
    0.1331641674041748,
    0.5218899250030518,
